{
  "XAUUSD": {
    "direction": "bearish",
    "score": -0.5443310000000001,
    "confidence": 0.875
  },
  "EURUSD": {
    "direction": "neutral",
    "score": -0.13550000000000006,
    "confidence": 0.75
  },
  "GBPUSD": {
    "direction": "neutral",
    "score": 0.10007838709677763,
    "confidence": 1.0
  },
  "USDJPY": {
    "direction": "neutral",
    "score": 0.1409666666666667,
    "confidence": 0.825
  },
  "USDCAD": {
    "direction": "neutral",
    "score": 0.2727303000000001,
    "confidence": 0.875
  },
  "BTCUSD": {
    "direction": "bearish",
    "score": -0.4851620000000001,
    "confidence": 0.775
  },
  "AUDUSD": {
    "direction": "neutral",
    "score": 0.20082999999999995,
    "confidence": 0.825
  }
}